Date,Headline,Published Date
2024-11-19,Dan Osborn Wants to Help the Working Class Run for Office,2024-11-19
2024-11-19,"Ken Martin, a Minnesotan With Deep Democratic Ties, Joins the D.N.C. Race",2024-11-19
2024-11-19,"For Minority Working-Class Voters, Dismay With Democrats Led to Distrust",2024-11-19
2024-11-19,Democrats Face a Series of Tests Over Support for Israel,2024-11-19
2024-11-20,North Carolina Republicans Push to Seize Power From Top Democrats,2024-11-20
2024-11-20,Behind the Scenes at a Secretive Gathering of Rising MAGA Donors,2024-11-20
2024-11-20,Harris Loss Has Democrats Fighting Over How to Talk About Transgender Rights,2024-11-20
2024-11-20,Why Are Latinos Fleeing Democrats? Arizona’s New Senator Offers Answers.,2024-11-20
2024-11-20,How to Win Latino Voters,2024-11-20
2024-11-21,"Buttigieg Warns Trump-Panicked Democrats, ‘We Cannot Be Mesmerized’",2024-11-21
2024-11-21,David McCormick Defeats Senator Bob Casey in Pennsylvania,2024-11-21
2024-11-21,The 2026 Georgia Governor’s Race Kicks Off With a First Hat in the Ring,2024-11-21
2024-11-22,Elon Musk Gets a Crash Course in How Trumpworld Works,2024-11-22
2024-11-22,Matt Gaetz and the D-word,2024-11-22
2024-11-23,"Trump Won More of New York’s Votes. Did He Win More of Its Love, Too?",2024-11-23
2024-11-24,Trump Is Running His Transition Team on Secret Money,2024-11-24
2024-11-25,The Vice-Presidential Curse,2024-11-25
2024-11-25,Democrats Rush to Regroup in the Southern Battlegrounds,2024-11-25
2024-11-26,North Carolina’s Democratic Governor Vetoes a G.O.P. Power Grab,2024-11-26
2024-11-27,What’s a Democratic Billionaire to Do Now?,2024-11-27
2024-11-27,John Fetterman Wants Democrats to Stop Freaking Out,2024-11-27
2024-11-28,"Republicans Built an Ecosystem of Influencers. Some Democrats Want One, Too.",2024-11-28
2024-11-28,Trump Team’s Rejection of a Transition Deal Adds a Wrinkle to Its Transparency Pledges,2024-11-28
2024-11-28,Who Might Be the Next Chair of the Democratic Party?,2024-11-28
2024-11-29,No articles found,
2024-11-30,"After Democratic Losses, a Little-Known Lawmaker Wants to Lead the Party",2024-11-30
2024-11-30,"For Rising Democrats, the Quiet Race to Lead the Party Began Months Ago",2024-11-30
2024-12-01,Wisconsin Democratic Chair Says He Is the One to Revive a Distressed Party,2024-12-01
2024-12-01,How the Border County Where Elon Musk Is a Local Flipped for Trump,2024-12-01
2024-12-02,Biden the Father vs. Biden the Institutionalist,2024-12-02
2024-12-02,Director of ‘2000 Mules’ Acknowledges the Conspiratorial Film Was Flawed,2024-12-02
2024-12-02,What’s Next in U.S. Elections: Races to Watch in 2025,2024-12-02
2024-12-03,No articles found,
2024-12-04,"Detroit’s Mayor, a Democrat, Will Run for Michigan Governor as an Independent",2024-12-04
2024-12-04,"Trump Has ‘Lost Faith’ in N.R.A., Says Gun Group Official",2024-12-04
2024-12-05,Senate G.O.P. Super PAC Chief Follows McConnell and Steps Down,2024-12-05
2024-12-05,How Trump Targeted Undecided Voters Without Breaking the Bank,2024-12-05
2024-12-05,A Harris Ally Says Biden Broke a Promise,2024-12-05
2024-12-06,Tim Walz Says He Was ‘a Little Surprised’ Trump Won,2024-12-06
2024-12-06,"How Much Did Trump, Biden and Harris Raise? A Stunning $4.7 Billion.",2024-12-06
2024-12-06,Trump’s Allies Go Global: ‘Make Argentina Great Again’,2024-12-06
2024-12-06,"Elon Musk Backed Trump With Over $250 Million, Fueling the Unusual ‘RBG PAC’",2024-12-06
2024-12-07,Fighting Over a ‘Flawless’ Campaign,2024-12-07
2024-12-07,How Alarmed Harris Staffers Went Rogue to Reach Black and Latino Voters,2024-12-07
2024-12-08,Did Trump Drain Democrats’ Energy? These Races Will Be the First Test.,2024-12-08
